<?xml version="1.0" encoding="UTF-8"?>
<configuration>

  <appender name="FILE" class="ch.qos.logback.core.FileAppender">
    <file>./recommender.log</file>
    <append>true</append>
    <!-- set immediateFlush to false for much higher logging throughput -->
    <immediateFlush>true</immediateFlush>
    <!-- encoders are assigned the type
         ch.qos.logback.classic.encoder.PatternLayoutEncoder by default -->
    <encoder>
      <pattern>%d{YYYY-MM-DD HH:mm:ss} [%thread] %-5level %logger{36} - %msg%n</pattern>
    </encoder>
  </appender>
        
  <root level="INFO">
    <appender-ref ref="FILE" />
  </root>

</configuration>